{
  "formCode": "4",
  "itemsPerPage": 4,
  "itemFieldTemplates": {
    "Type": "F04.Item[{i}].Type",
    "Name": "F04.Item[{i}].Name",
    "Quantity": "F04.Item[{i}].Quantity",

    "Param.PresenceAtApproval": "F04.Item[{i}].Presence.AtApproval",
    "Param.PresenceLatest": "F04.Item[{i}].Presence.Latest",

    "Param.ResourceHours": "F04.Item[{i}].Param.Row1",
    "Param.ServiceLifeYears": "F04.Item[{i}].Param.Row2",
    "Param.StorageYears": "F04.Item[{i}].Param.Row3",
    "Param.NoiseFreqRange": "F04.Item[{i}].Param.Row4",
    "Param.NoiseSoundPressure": "F04.Item[{i}].Param.Row5",
    "Param.LinearAcceleration": "F04.Item[{i}].Param.Row6",
    "Param.PressureLow": "F04.Item[{i}].Param.Row7",
    "Param.PressureHigh": "F04.Item[{i}].Param.Row8",
    "Param.TempMin": "F04.Item[{i}].Param.Row9",
    "Param.TempMax": "F04.Item[{i}].Param.Row10",
    "Param.HumidityPercent": "F04.Item[{i}].Param.Row11",
    "Param.HumidityTemp": "F04.Item[{i}].Param.Row12",
    "Param.DewFrost": "F04.Item[{i}].Param.Row13",
    "Param.SpecialFactors": "F04.Item[{i}].Param.Row14",
    "Param.Note": "F04.Item[{i}].Param.Row15"
  },

    "metaFieldTags": {
      "Meta.DocumentNumber": "F04.Meta.DocumentNumber",
      "Meta.EnvCode": "F04.Meta.EnvCode"
    }
  }
